Chunk,Title,Text
1,Rainbow,"When the sunlight strikes raindrops in the air, they act as a prism and form a rainbow. The rainbow is a division of white light into many beautiful colors. These take the shape of a long round arch, with its path high above, and its two ends apparently beyond the horizon."
2,Rainbow,"There is, according to legend, a boiling pot of gold at one end. People look, but no one ever finds it. When a man looks for something beyond his reach, his friends say he is looking for the pot of gold at the end of the rainbow."
3,Rainbow,"Throughout the centuries people have explained the rainbow in various ways. Some have accepted it as a miracle without physical explanation. To the Hebrews it was a token that there would be no more universal floods."
4,Rainbow,"The Greeks used to imagine that it was a sign from the gods to foretell war or heavy rain. The Norsemen considered the rainbow as a bridge over which the gods passed from earth to their home in the sky."
5,Rainbow,"Others have tried to explain the phenomenon physically. Aristotle thought that the rainbow was caused by reflection of the sun's rays by the rain. Since then physicists have found that it is not reflection, but refraction by the raindrops which causes the rainbows."
6,Rainbow,"Many complicated ideas about the rainbow have been formed. The difference in the rainbow depends considerably upon the size of the drops, and the width of the colored band increases as the size of the drops increases."
7,Rainbow,"The actual primary rainbow observed is said to be the effect of super-imposition of a number of bows."
8,Rainbow,"If the red of the second bow falls upon the green of the first, the result is to give a bow with an abnormally wide yellow band, since red and green light when mixed form yellow. This is a very common type of bow, one showing mainly red and yellow, with little or no green or blue."
9,Grandfather,"You wished to know all about my grandfather. Well, he is nearly ninety-three years old; he dresses himself in an ancient black frock coat, usually minus several buttons; yet he still thinks as swiftly as ever."
10,Grandfather,"A long, flowing beard clings to his chin, giving those who observe him a pronounced feeling of the utmost respect. When he speaks, his voice is just a bit cracked and quivers a trifle."
11,Grandfather,"Twice each day he plays skilfully and with zest upon our small organ. Except in the winter when the ooze or snow or ice prevents, he slowly takes a short walk in the open air each day."
12,Grandfather,"We have often urged him to walk more and smoke less, but he always answers, “Banana oil!” Grandfather likes to be modern in his language."
13,NorthWind,"The North Wind and the Sun were disputing which was the stronger, when a traveller came along wrapped in a warm cloak. They agreed that the one who first succeeded in making the traveller take his cloak off should be considered stronger than the other."
14,NorthWind,"Then the North Wind blew as hard as he could, but the more he blew the more closely did the traveller fold his cloak around him, and at last the North Wind gave up the attempt."
15,NorthWind,"Then the Sun shone out warmly, and immediately the traveller took off his cloak. And so the North Wind was obliged to confess that the Sun was the stronger of the two."